"","V1","lix_liste","webseite_hash_liste","zusatz_liste"
"1","https://www.uster.ch/ueberuster","48.9137883085822","cc4687be80c37a93cabce4a60953b9f6","ÜBER USTER/PORTRÄT"
"2","https://www.uster.ch/portraet","48.9137883085822","cc4687be80c37a93cabce4a60953b9f6","ÜBER USTER/PORTRÄT"
"3","https://www.uster.ch/portraitpraesentation","53.7128549546365","c1bd202f50376f944daf1e1b55d6341b","ÜBER USTER/PORTRÄT/Lebensqualität"
"4","https://www.uster.ch/praesentationstaerken","48.6097046413502","18292c9140437b974a8b05b7a369f88d","ÜBER USTER/PORTRÄT/Lebensvielfalt/Lebensvielfalt"
"5","https://www.uster.ch/zahlenundfakten","35.9498539435248","d75c751470f25628f415b932850538ab","ÜBER USTER/PORTRÄT/Zahlen und Fakten/Uster – Zahlen und Fakten"
"6","https://www.uster.ch/praesentationgeografie","43.8744235924933","9f4562a2b29bb0f8bdd9ef5850e657f0","ÜBER USTER/PORTRÄT/Geografie"
"7","https://www.uster.ch/geografiestadt","48.4805194805195","ec94bd84a110c9a96725f3c79f5dabe4","ÜBER USTER/PORTRÄT/Geografie/Stadt Uster"
"8","https://www.uster.ch/geografiesee","48.4964956546117","a493e70b77ab961afa816e8b2fa8858b","ÜBER USTER/PORTRÄT/Geografie/Greifensee"
"9","https://www.uster.ch/geografienatur","51.5673689367957","093b43b8342ea23d2b5941b31a1f0369","ÜBER USTER/PORTRÄT/Geografie/Naturschutzgebiet"
"10","https://www.uster.ch/sehenswuerdigkeitenred","46.1247790738777","0bfbfa1bdefd2c1e9d796c5460f52ff0","ÜBER USTER/WISSENSWERTES/Tourismus/Sehenswürdigkeiten/Sehenswürdigkeiten"
"11","https://www.uster.ch/praesentationaussenwachten","45.5750448028674","e88f8079aec84fbb23134495e059bdd5","ÜBER USTER/PORTRÄT/Aussenwachten"
"12","https://www.uster.ch/geschichte","61.1572164948454","4776b18767563933fbda6ddb5aa966ba","ÜBER USTER/PORTRÄT/Geschichte/Geschichte"
"13","https://www.uster.ch/chronologie","1","0a782475fe4b67f018305a757b0bcc03","ÜBER USTER/PORTRÄT/Geschichte/Chronologie/Chronologie"
"14","https://www.uster.ch/entstehungortsnamen","58.1895615591928","93b9d40ca7ebf69bfd405edb3d3552bd","ÜBER USTER/PORTRÄT/Geschichte/Entstehung Ortsnamen"
"15","https://www.uster.ch/stadthausgalerie","57.4543085799367","849d6d746fddeddb500b6c086af7e89e","ÜBER USTER/PORTRÄT/Geschichte/Stadthaus/Stadthaus"
"16","https://www.uster.ch/stadtarchiv","44.6515151515151","8e1d6b39e4d62c07bec23ad6c4e99071","POLITIK  VERWALTUNG/VERWALTUNG/Leistungsgruppen/Stadtarchiv und Kläui Bibliothek"
"17","https://www.uster.ch/portraitustertag","49.8677810459861","6d4bc8234296e592250239fd2ce2b23c","ÜBER USTER/PORTRÄT/Ustertag"
"18","https://www.uster.ch/usterimbild","1","c68bf488dc0c711456a6c08a15327fd3","ÜBER USTER/PORTRÄT/Uster im Bild/Fotoalben/Fotoalben"
"19","https://www.uster.ch/fotoalbum","1","c68bf488dc0c711456a6c08a15327fd3","ÜBER USTER/PORTRÄT/Uster im Bild/Fotoalben/Fotoalben"
"20","https://www.uster.ch/video","21.2857142857143","316c02093db85beceb87cf03c3f884b8","ÜBER USTER/PORTRÄT/Uster im Bild/Video/DAS USTER-VIDEO"
"21","https://www.uster.ch/wissenswertes","48.4141414141414","4c2b8778b83ac4e202ed2bbbb8823028","ÜBER USTER/WISSENSWERTES/Strategie Uster 2030/Strategie Uster 2030"
"22","https://www.uster.ch/strategie2030","48.4141414141414","4c2b8778b83ac4e202ed2bbbb8823028","ÜBER USTER/WISSENSWERTES/Strategie Uster 2030/Strategie Uster 2030"
"23","https://www.uster.ch/themeenergiestadt","49.6317657497782","6cf5a3dc1614a0f2a10c5ade8b45261e","ÜBER USTER/WISSENSWERTES/Energiestadt/Energiestadt"
"24","https://www.uster.ch/partnerstadt","53.9511278195489","435e75236945edc154f33a38c46a9775","ÜBER USTER/WISSENSWERTES/Partnerstadt Prenzlau"
"25","https://www.uster.ch/ortsplanuster","1","a313eb2e38e9fad4bd0fa7af935b0598","ÜBER USTER/WISSENSWERTES/Ortsplan Uster/Ortsplan/Ortsplan"
"26","https://www.uster.ch/ortsplan","1","a313eb2e38e9fad4bd0fa7af935b0598","ÜBER USTER/WISSENSWERTES/Ortsplan Uster/Ortsplan/Ortsplan"
"27","https://www.uster.ch/gisuster","1","41d2e84da3152c49316df8115fd6e258","ÜBER USTER/WISSENSWERTES/Tourismus/Tourismus in Uster"
"28","https://www.uster.ch/tourismus","42.9971854770616","4239f4364df0449a8ce77d7f4e0ad5e0","ÜBER USTER/WISSENSWERTES/Tourismus/Hotels/Hotels"
"29","https://www.uster.ch/hotels","1","be579529414a5ba5a4bccc88400d7726","ÜBER USTER/WISSENSWERTES/Tourismus/Restaurants/Restaurants"
"30","https://www.uster.ch/restaurants","1","c769115f296c02e83e637a79660dbba6","ÜBER USTER/PORTRÄT/Geografie/Greifensee"
"31","https://www.uster.ch/tourismusgreifensee","48.4964956546117","a493e70b77ab961afa816e8b2fa8858b","ÜBER USTER/WISSENSWERTES/Tourismus/Wanderwege"
"32","https://www.uster.ch/wanderwege","58.5321151716501","8daa96adbc32b7f310054da37c670262","ÜBER USTER/WISSENSWERTES/Tourismus/Sehenswürdigkeiten/Sehenswürdigkeiten"
"33","https://www.uster.ch/sehenswuerdigkeiten","46.1247790738777","0bfbfa1bdefd2c1e9d796c5460f52ff0","ÜBER USTER/WISSENSWERTES/Tourismus/Ausflugsideen/AUSFLUGSIDEEN"
"34","https://www.uster.ch/tourismusausflug","45.3459868224019","65b12988fec114a694b92dba8327e809","ÜBER USTER/WISSENSWERTES/Tourismus/Märkte/Märkte"
"35","https://www.uster.ch/zuerioberlandtourismus","1","80640cba976017f25c05aae479048453","ÜBER USTER/WISSENSWERTES/Notfall-Telefonnummern/Notfall-Telefonnummern"
"36","https://www.uster.ch/maerktered","48.4483183978522","a889e0d2055f2dbc08754410e52411fc","AKTUELLES  DOSSIERS/AKTUELLES/Medienmitteilungen/Medienmitteilungen"
"37","https://www.uster.ch/telefonnummern","1","033b9f2a69a00ef7aa949cc5b800316e","AKTUELLES  DOSSIERS/AKTUELLES/Medienmitteilungen/Medienmitteilungen"
"38","https://www.uster.ch/aktuellesdossiers","1","5f905d6716923a23b02ad84665bc84f4","AKTUELLES  DOSSIERS/AKTUELLES/Medienmitteilungen/Medienmitteilungen"
"39","https://www.uster.ch/aktuelles","1","5f905d6716923a23b02ad84665bc84f4","POLITIK  VERWALTUNG/POLITIK/Stadtrat/Beschlüsse/Beschlüsse"
"40","https://www.uster.ch/aktuellesinformationen","1","5f905d6716923a23b02ad84665bc84f4","AKTUELLES  DOSSIERS/AKTUELLES/Amtliche Mitteilungen/Amtliche Mitteilungen"
"41","https://www.uster.ch/politikinformationen","1","16ee92f0efe6c727c44f65311ec442ec","AKTUELLES  DOSSIERS/AKTUELLES/Archivierte Mitteilungen/Archivierte Mitteilungen"
"42","https://www.uster.ch/amtsmitteilungen","56.0921985815603","27e78174cd7f69d71d5c59b50399c8a7","AKTUELLES  DOSSIERS/AKTUELLES/Veranstaltungen/Veranstaltungen"
"43","https://www.uster.ch/archiv","51.2916666666667","3cf87b9c185f20ce392c92fa961cc04d","AKTUELLES  DOSSIERS/AKTUELLES/Aktuelles abonnieren/Abo-Dienste"
"44","https://www.uster.ch/anlaesseaktuelles","59.3275862068966","c34db648d81bf5476eb3d252b2cd2a09","AKTUELLES  DOSSIERS/DOSSIERS/Aktuelle Themen der Stadt"
"45","https://www.uster.ch/profile","46.4913851123974","e93aed001b6dcbe2e24bf210d1ead45a","AKTUELLES  DOSSIERS/DOSSIERS/Stadt für alle/Stadt für alle"
"46","https://www.uster.ch/dossiers","43.922619047619","683d89fb27aec82637f828fa72084b6a","AKTUELLES  DOSSIERS/DOSSIERS/Stadtpreise Uster/Stadtpreise Uster"
"47","https://www.uster.ch/inklusion","50.2149122807018","73acaa6c741b1b1ddc71108510b03d2e","AKTUELLES  DOSSIERS/DOSSIERS/Bauprojekte der Stadt/Bauprojekte der Stadt"
"48","https://www.uster.ch/stadtpreisuster","50.5084388185654","4deedd77ec7fd8b7add8544f2ea11380","AKTUELLES  DOSSIERS/DOSSIERS/Strassenbaustellen/Strassenbaustellen"
"49","https://www.uster.ch/bauprojektederstadt","41.1152073732719","e556adee471ff2b7883c77d143e77320","AKTUELLES  DOSSIERS/DOSSIERS/Umweltaktivitäten/Umweltaktivitäten"
"50","https://www.uster.ch/strassenbaustellen","48.8531253105436","9ff674543c7a533072146040d2e44d39","AKTUELLES  DOSSIERS/DOSSIERS/Biodiversität/Biodiversität"
"51","https://www.uster.ch/umweltaktivitaeten","44.4504329004329","bf5fea733cf5ab12d2ce4a5d563a227a","AKTUELLES  DOSSIERS/DOSSIERS/Klimawandel/Klimawandel"
"52","https://www.uster.ch/biodiversitaet","42.7418546365915","e0dcf6b2b6f8cf5f7c68332b5d1cec0a","AKTUELLES  DOSSIERS/DOSSIERS/Fluglärm"
"53","https://www.uster.ch/klimawandel","49.2056612825844","8174417ffa12b4469d80fba19f0f5983","AKTUELLES  DOSSIERS/DOSSIERS/Zentrumsbelebung/Zentrumsbelebung"
"54","https://www.uster.ch/aktuellesfluglaerm","52.0557687694891","d21c268ab9d5bc0e49f718aae9544df6","AKTUELLES  DOSSIERS/DOSSIERS/Zentrumsentwicklung/Zentrumsentwicklung"
"55","https://www.uster.ch/zentrumsbelebung","45.8484848484849","c04cefdfb0af491b2ad6d1589722d057","AKTUELLES  DOSSIERS/DOSSIERS/Stadtraum Uster 2035/Stadtraum Uster 2035"
"56","https://www.uster.ch/zentrumsentwicklung","51.0748299319728","96171f77291e3cf0780fea11bf50b8b1","POLITIK  VERWALTUNG/POLITIK"
"57","https://www.uster.ch/stadtraum2035","49.3131868131868","2a50d49e14fe237cf331263114720dfb","POLITIK  VERWALTUNG/POLITIK"
"58","https://www.uster.ch/politikverwaltung","48.5952380952381","54599c81522b9ee7ec9bc6e49284e1fe","POLITIK  VERWALTUNG/POLITIK/Gemeinderat"
"59","https://www.uster.ch/politik","48.5952380952381","54599c81522b9ee7ec9bc6e49284e1fe","POLITIK  VERWALTUNG/POLITIK/Gemeinderat/Zusammensetzung/Gemeinderat"
"60","https://www.uster.ch/gemeinderat","48.7333333333333","27db2bfadfd966da033c0925d77b9bac","POLITIK  VERWALTUNG/POLITIK/Gemeinderat/Kommissionen/Kommissionen"
"61","https://www.uster.ch/legislative","56.4545454545455","e723435f289d87002377f56b581c5192","POLITIK  VERWALTUNG/POLITIK/Gemeinderat/Fraktionen/Fraktionen"
"62","https://www.uster.ch/kommissionen","1","abb652ec1389739b198a182fabd3e3bc","POLITIK  VERWALTUNG/POLITIK/Gemeinderat/Sitzungen/Protokolle/Sitzungen-Protokolle"
"63","https://www.uster.ch/fraktionen","1","57a8bb211c6f3b206f9fbde333443249","POLITIK  VERWALTUNG/POLITIK/Gemeinderat/Geschäfte/Geschäfte"
"64","https://www.uster.ch/sitzung","1","e5a6c34314933f53de2c1ef474118655","POLITIK  VERWALTUNG/POLITIK/Gemeinderat/Sitzordnung"
"65","https://www.uster.ch/politbusiness","1","fbd217c2d459587514239f1180dee88e","POLITIK  VERWALTUNG/POLITIK/Stadtrat/Stadtrat"
"66","https://www.uster.ch/polsitzordnung","34.4726205997392","af56f728beac4846be22f5225161a522","POLITIK  VERWALTUNG/POLITIK/Stadtrat/Kommissionen/Kommissionen"
"67","https://www.uster.ch/exekutive","52.2185886402754","daf403194581170acbae8a91a4e51719","POLITIK  VERWALTUNG/POLITIK/Stadtrat/Beschlüsse/Beschlüsse"
"68","https://www.uster.ch/verwaltungskommissionen","1","1c789bbd17b0db949d2175ed7ba10923","POLITIK  VERWALTUNG/POLITIK/Behörden/Behörden"
"69","https://www.uster.ch/beschluessestadtrat","1","16ee92f0efe6c727c44f65311ec442ec","POLITIK  VERWALTUNG/POLITIK/Behörden/Behördenmitglieder/Behördenmitglieder"
"70","https://www.uster.ch/behoerden","1","373b633f70e944aef7d7b57611875293","POLITIK  VERWALTUNG/POLITIK/Parteien/Parteien"
"71","https://www.uster.ch/behoerdenmitglieder","1","e5cb16e849d219d435a197ce9de39bf5","ÜBER USTER/WISSENSWERTES/Strategie Uster 2030/Strategie Uster 2030"
"72","https://www.uster.ch/parteien","1","a396a49a4abe042124160e0a75bd55f7","POLITIK  VERWALTUNG/POLITIK/Finanzen/Finanzen"
"73","https://www.uster.ch/strategie2030red","48.4141414141414","4c2b8778b83ac4e202ed2bbbb8823028","POLITIK  VERWALTUNG/POLITIK/Abstimmungen Wahlen/Informationen/Generelle Informationen"
"74","https://www.uster.ch/finanzen","40.2220376522702","4c8ad53a0f680bf976c2b8bc7765ef53","POLITIK  VERWALTUNG/POLITIK/Abstimmungen Wahlen/Informationen/Generelle Informationen"
"75","https://www.uster.ch/abstimmungenmain","49.3351351351351","35a19786c3db79b13e5e32ce2b98e577","POLITIK  VERWALTUNG/POLITIK/Abstimmungen Wahlen/Termine/Abstimmungen"
"76","https://www.uster.ch/abstimmungen/informationen","49.3351351351351","35a19786c3db79b13e5e32ce2b98e577","POLITIK  VERWALTUNG/POLITIK/Abstimmungen Wahlen/Vorlagen/Vorlagen - Suche"
"77","https://www.uster.ch/abstimmungen","1","7a67b95caa1b786dd7dd6753dfb86c44","POLITIK  VERWALTUNG/VERWALTUNG/Die Stadtverwaltung Uster"
"78","https://www.uster.ch/abstimmungen/vorlagen","1","30215c5b004696de60512ebcc9b8525c","POLITIK  VERWALTUNG/VERWALTUNG/Abteilungen/Abteilungen"
"79","https://www.uster.ch/verwaltung","43.3013144590496","d4067009dd1303ee06e45aff77b10983","POLITIK  VERWALTUNG/VERWALTUNG/Geschäftsfelder/Geschäftsfelder"
"80","https://www.uster.ch/departemente","1","66854c0fc373fb5eee59a32021685a79","POLITIK  VERWALTUNG/VERWALTUNG/Leistungsgruppen/Leistungsgruppen"
"81","https://www.uster.ch/aemter","1","6452e47562fff499eedbe61000413e01","POLITIK  VERWALTUNG/VERWALTUNG/Leistungsgruppen/Film Sozialhilfe/Film Sozialhilfe"
"82","https://www.uster.ch/unterinstanzen","1","ba5d763b337958246e5f1ec9c4e0b5bd","POLITIK  VERWALTUNG/VERWALTUNG/Personenverzeichnis/Personenverzeichnis"
"83","https://www.uster.ch/filmsozialhilfe","NA","f09e7daf1d4c8d9185dd5de659fe5291","POLITIK  VERWALTUNG/VERWALTUNG/Arbeiten und Ausbildung/Arbeiten und Ausbildung"
"84","https://www.uster.ch/personenregister","1","c45e1f62e9845243cd2528f13134ae2c","POLITIK  VERWALTUNG/VERWALTUNG/Arbeiten und Ausbildung/Offene Stellen/Offene Stellen"
"85","https://www.uster.ch/arbeitenundausbildung","44.7662337662338","83ead2c68cd9ecbd740513e8d63c5101","POLITIK  VERWALTUNG/VERWALTUNG/Online-Schalter/Online-Schalter"
"86","https://www.uster.ch/offenestellen","48.0833333333333","9016728e691660ff34ffd8192b095c27","POLITIK  VERWALTUNG/VERWALTUNG/Dienstleistungen/Dienstleistungen"
"87","https://www.uster.ch/online-schalter","1","53127b11e6f5834c9ba203e4b4e45c59","POLITIK  VERWALTUNG/VERWALTUNG/Publikationen/Publikationen"
"88","https://www.uster.ch/dienstleistungen","1","0d1b1e94d8d6a82dd419cf8c4407c089","POLITIK  VERWALTUNG/VERWALTUNG/Reglemente/Reglemente"
"89","https://www.uster.ch/publikationen","45.3333333333333","c453d7fe0766d18b18c434292c15b21a","WOHNEN  ARBEITEN/ARBEITEN/Submissionen/Submissionen"
"90","https://www.uster.ch/reglemente","45.3333333333333","762a747c94fdebfac461cfae2f66668b","POLITIK  VERWALTUNG/VERWALTUNG/SBB-Tageskarten/SBB-Tageskarten"
"91","https://www.uster.ch/submissionenarbeiten","52.0025062656642","dd14b32a4e0d170a891e63cd8d5e7c5e","WOHNEN  ARBEITEN/WOHNEN/Zuzug Umzug Wegzug/Zuzug Umzug Wegzug"
"92","https://www.uster.ch/gareservation","37.9751773049645","10d6c2917e2e6ef3dffd9344c6915c78","WOHNEN  ARBEITEN/WOHNEN/Zuzug Umzug Wegzug/Zuzug Umzug Wegzug"
"93","https://www.uster.ch/wohnenarbeiten","39.5238095238095","a080b494f3c76d2dda7594bb1663f650","WOHNEN  ARBEITEN/WOHNEN/Zuzug Umzug Wegzug/Zuzug Umzug Wegzug"
"94","https://www.uster.ch/wohnen","39.5238095238095","a080b494f3c76d2dda7594bb1663f650","WOHNEN  ARBEITEN/WOHNEN/Immobilien/Immobilien mieten oder kaufen"
"95","https://www.uster.ch/zuzugumzugwegzug","39.5238095238095","a080b494f3c76d2dda7594bb1663f650","WOHNEN  ARBEITEN/WOHNEN/Bauen in Uster/Bauen in Uster"
"96","https://www.uster.ch/praesentationwohnungen","56.2336065573771","a48a0fa65269f7468389e0983f6c465b","WOHNEN  ARBEITEN/WOHNEN/Infrastruktur/Infrastruktur"
"97","https://www.uster.ch/baueninuster","56.1523352247927","15d0a6f5ff8d13fc6a274545e5facbad","WOHNEN  ARBEITEN/WOHNEN/Entsorgung/Entsorgung"
"98","https://www.uster.ch/infrastrukturwohnen","48.9086892488954","7f0e4a8f687e48b692b28444ed80e1ef","WOHNEN  ARBEITEN/WOHNEN/Entsorgung/Abfall-Sammlungen/Abfall-Sammlungen"
"99","https://www.uster.ch/entsorgung","43.9288540341953","ce7dce84a0f8eaab0cc49f3277a81480","WOHNEN  ARBEITEN/WOHNEN/Entsorgung/Abfall-Sammelkreise/Abfall-Sammelkreise"
"100","https://www.uster.ch/abfallstrassenabschnitt","1","03040bc2c7d86f6ea0eebda62c1f5b38","WOHNEN  ARBEITEN/WOHNEN/Entsorgung/Abfall-Sammelstellen/Abfall-Sammelstellen"
"101","https://www.uster.ch/tour2","47.8888888888889","df1c4d35c3161b2280385982baa3e043","WOHNEN  ARBEITEN/WOHNEN/Entsorgung/Abfall-Gebühren/Abfall-Gebühren"
"102","https://www.uster.ch/abfallorte","1","3e9b59a6b196ebfc17e6caf737a176b9","WOHNEN  ARBEITEN/WOHNEN/Entsorgung/Altstoffarten/Altstoffarten"
"103","https://www.uster.ch/abfallgebuehren","38.6660703637448","124873e1b57b58530c232ba38cba1bf6","WOHNEN  ARBEITEN/WOHNEN/Entsorgung/Entsorgungs-ABC/Entsorgungs-ABC"
"104","https://www.uster.ch/abfallarten","1","f9403051eb32dec2a5a99326c08b4075","WOHNEN  ARBEITEN/WOHNEN/Entsorgung/Abwasser-Gebühren/Abwasser-Gebühren"
"105","https://www.uster.ch/abfallprodukte","1","612f73236ef6f34b82d08a25db10962f","WOHNEN  ARBEITEN/WOHNEN/Entsorgung/Besondere Dienstleistungen/Besondere Dienstleistungen"
"106","https://www.uster.ch/abwassergebuehren","58.3636363636364","d3a014fc4c8c2502f240d9bdf986c8ea","AKTUELLES  DOSSIERS/AKTUELLES/Aktuelles abonnieren/Abo-Dienste"
"107","https://www.uster.ch/besonderedienstleistungen","56.3656542056075","85c1baf1cf39c2b80af0d4d9663ad76d","WOHNEN  ARBEITEN/WOHNEN/Natur Umwelt/Natur Umwelt"
"108","https://www.uster.ch/smsprofile","46.4913851123974","e93aed001b6dcbe2e24bf210d1ead45a","WOHNEN  ARBEITEN/WOHNEN/Urkunden Dokumente/Urkunden Dokumente"
"109","https://www.uster.ch/umweltwohnen","47.7142857142857","859d62396d28ba448d6b9ad82ad75249","WOHNEN  ARBEITEN/WOHNEN/Steuern/Steuern"
"110","https://www.uster.ch/urkundendokumente","59.3945945945946","b16aa4e95e0587ae310b806c2a19905a","WOHNEN  ARBEITEN/WOHNEN/Wohnen im Alter/Wohnen im Alter"
"111","https://www.uster.ch/steuern","40.0526315789474","32fa296078d136882e5cfd1ac8627bd4","WOHNEN  ARBEITEN/ARBEITEN"
"112","https://www.uster.ch/wohnenimalter","50.1161236424394","6672d26d4bfa1a4aad53fa78075298bd","WOHNEN  ARBEITEN/ARBEITEN/Standortförderung/Standortförderung"
"113","https://www.uster.ch/arbeiten","46.3365828919193","3db2518c1281b8a9b0270de4455b3286","WOHNEN  ARBEITEN/ARBEITEN/Firmenverzeichnis/Unternehmen/Unternehmen"
"114","https://www.uster.ch/standortfoerderung","50.1136363636364","82a5c9796fe254e4e2440b905fcc0b34","WOHNEN  ARBEITEN/ARBEITEN/Firmenverzeichnis/Unternehmen/Unternehmen"
"115","https://www.uster.ch/firmen","59.3275862068966","53c7d9a8f01ae17f4cb3ea60681ddf37","ÜBER USTER/WISSENSWERTES/Tourismus/Hotels/Hotels"
"116","https://www.uster.ch/firmenverzeichnis","59.3275862068966","53c7d9a8f01ae17f4cb3ea60681ddf37","ÜBER USTER/WISSENSWERTES/Tourismus/Restaurants/Restaurants"
"117","https://www.uster.ch/hotelsred","1","be579529414a5ba5a4bccc88400d7726","WOHNEN  ARBEITEN/ARBEITEN/Bewilligungen/Bewilligungen (Arbeiten)"
"118","https://www.uster.ch/restaurantsred","1","c769115f296c02e83e637a79660dbba6","WOHNEN  ARBEITEN/WOHNEN/Bauen in Uster/Bauen in Uster"
"119","https://www.uster.ch/bewilligung","42.9053905390539","7f742cab9ec94f6139ed13142194f1e2","WOHNEN  ARBEITEN/ARBEITEN/Submissionen/Submissionen"
"120","https://www.uster.ch/baueninusterred","56.1523352247927","15d0a6f5ff8d13fc6a274545e5facbad","WOHNEN  ARBEITEN/ARBEITEN/Umwelt/Umwelt – Wissenswertes für Firmen"
"121","https://www.uster.ch/submissionen","52.0025062656642","dd14b32a4e0d170a891e63cd8d5e7c5e","POLITIK  VERWALTUNG/VERWALTUNG/Arbeiten und Ausbildung/Arbeiten und Ausbildung"
"122","https://www.uster.ch/umweltarbeiten","57.6666666666667","283cf86b19cc0701b46f38581bee4f52","GESELLSCHAFT  BILDUNG/GESELLSCHAFT/Geburt/Geburt"
"123","https://www.uster.ch/offenestellenred","44.7662337662338","83ead2c68cd9ecbd740513e8d63c5101","GESELLSCHAFT  BILDUNG/GESELLSCHAFT/Geburt/Geburt"
"124","https://www.uster.ch/gesellschaftbildung","48.6938775510204","29ea350907be8425a21fb37d3cdfbdce","GESELLSCHAFT  BILDUNG/GESELLSCHAFT/Geburt/Geburt"
"125","https://www.uster.ch/gesellschaft","48.6938775510204","29ea350907be8425a21fb37d3cdfbdce","GESELLSCHAFT  BILDUNG/GESELLSCHAFT/Kinder Familie/Kinder Familie"
"126","https://www.uster.ch/geburt","48.6938775510204","29ea350907be8425a21fb37d3cdfbdce","GESELLSCHAFT  BILDUNG/GESELLSCHAFT/Jugend/Jugend"
"127","https://www.uster.ch/kinderfamilie","45.4265536723164","1e2f2959bfc48b4ea860e62924f683f4","GESELLSCHAFT  BILDUNG/GESELLSCHAFT/Alter/Alter"
"128","https://www.uster.ch/jugend","49.574097135741","9a0ede18253458af67a76031c2568c42","GESELLSCHAFT  BILDUNG/GESELLSCHAFT/Tod/Tod"
"129","https://www.uster.ch/altergesellschaft","49.5210727969349","7f97d185fe21ce586bc16e916d80f95e","GESELLSCHAFT  BILDUNG/GESELLSCHAFT/Gesundheit/Gesundheit"
"130","https://www.uster.ch/tod","50.6666666666667","e907ad6fb7bc8d055155eebff0f94442","GESELLSCHAFT  BILDUNG/GESELLSCHAFT/Soziales/Soziales"
"131","https://www.uster.ch/gesundheitgesellschaft","47.6990347490348","e0e77e3f2789ccbceceba15dc3feaf3f","GESELLSCHAFT  BILDUNG/GESELLSCHAFT/Integration und Migration/Integration und Migration"
"132","https://www.uster.ch/sozialesgesellschaft","49.5263157894737","c6aaa8012f0d4764ce6713efcb25f7d9","GESELLSCHAFT  BILDUNG/GESELLSCHAFT/Kirchen/Kirchen"
"133","https://www.uster.ch/integrationundmigration","59.9368421052632","6c3394ec87cd273e634686307583edb5","GESELLSCHAFT  BILDUNG/GESELLSCHAFT/Vereine/Vereine"
"134","https://www.uster.ch/kirchen","48.3304347826087","70ed39381702f90b7b4b926195c3e5e1","GESELLSCHAFT  BILDUNG/GESELLSCHAFT/Vereine/Vereinsförderung/Vereinsförderung in der Stadt Uster"
"135","https://www.uster.ch/vereinsliste","52.6433566433566","dd240b54587070f2f2610006566fc6d4","GESELLSCHAFT  BILDUNG/GESELLSCHAFT/Freiwilligenarbeit/Freiwilligenarbeit"
"136","https://www.uster.ch/vereinerichtlinien","51.8398813936249","eac5c3470bb8af02ecd5f89b574c633c","GESELLSCHAFT  BILDUNG/GESELLSCHAFT/Engagementpreis/Engagementpreis der Stadt Uster"
"137","https://www.uster.ch/freiwilligenarbeit","45.7083333333333","5b30747f2f7592c09fe7f86fd2f75e98","GESELLSCHAFT  BILDUNG/BILDUNG"
"138","https://www.uster.ch/engagementpreis","52.3645778479902","aa7f37e81d43ac093bbb06a69d111323","GESELLSCHAFT  BILDUNG/BILDUNG/Primarschule/Primarschule"
"139","https://www.uster.ch/bildung","61.9731308411215","8d1a956e1c1722561588a0e9d0196a7c","GESELLSCHAFT  BILDUNG/BILDUNG/Sekundarstufe/Sekundarstufe"
"140","https://www.uster.ch/primarschulebildung","51.6405405405405","4bb618044a81806484b5e1f67a1755c0","GESELLSCHAFT  BILDUNG/BILDUNG/Weitere Schulen/Weitere Schulen"
"141","https://www.uster.ch/sekundarstufe","63.8333333333333","51194f08fddabdeebc6afe70676a7387","Information/Ferienplan/Ferienplan"
"142","https://www.uster.ch/schulen","1","de61698f5261c0670f9bc95c21116122","VERKEHR  SICHERHEIT/VERKEHR/Öffentlicher Verkehr"
"143","https://www.uster.ch/ferienplan","40.1818181818182","c2ea310854b6b6e2142effc9f7e4e76f","VERKEHR  SICHERHEIT/VERKEHR/Öffentlicher Verkehr"
"144","https://www.uster.ch/verkehrsicherheit","58.8162393162393","28ecd5688b3bc739fe092f5cc2d2fe04","VERKEHR  SICHERHEIT/VERKEHR/Öffentlicher Verkehr"
"145","https://www.uster.ch/verkehr","58.8162393162393","28ecd5688b3bc739fe092f5cc2d2fe04","VERKEHR  SICHERHEIT/VERKEHR/Strassenverkehr/Strassenverkehr"
"146","https://www.uster.ch/oeffentlicherverkehr","58.8162393162393","28ecd5688b3bc739fe092f5cc2d2fe04","AKTUELLES  DOSSIERS/DOSSIERS/Strassenbaustellen/Strassenbaustellen"
"147","https://www.uster.ch/strassenverkehr","47.0833333333333","17d465c36f0473207a9150af92c8e882","VERKEHR  SICHERHEIT/VERKEHR/Parkieren/Parkieren"
"148","https://www.uster.ch/strassenbaustellenred","48.8531253105436","9ff674543c7a533072146040d2e44d39","POLITIK  VERWALTUNG/VERWALTUNG/SBB-Tageskarten/SBB-Tageskarten"
"149","https://www.uster.ch/parkieren","42.9312839059675","0d5eb94ab1c38ced5004051584d44c67","VERKEHR  SICHERHEIT/SICHERHEIT/Stadtpolizei/Stadtpolizei"
"150","https://www.uster.ch/sbbtageskartenred","37.9751773049645","10d6c2917e2e6ef3dffd9344c6915c78","VERKEHR  SICHERHEIT/SICHERHEIT/Stadtpolizei/Stadtpolizei"
"151","https://www.uster.ch/sicherheit","48.1640776699029","c1b8e563751f11207e58da11e68db2dd","VERKEHR  SICHERHEIT/SICHERHEIT/Stadtpolizei/Mitteilungen Stadtpolizei/Mitteilungen Stadtpolizei"
"152","https://www.uster.ch/stadtpolizei","48.1640776699029","c1b8e563751f11207e58da11e68db2dd","VERKEHR  SICHERHEIT/SICHERHEIT/Prävention/Prävention"
"153","https://www.uster.ch/staponews","1","4c167dc326b835b58b492454ea2fe5cb","VERKEHR  SICHERHEIT/SICHERHEIT/Bevölkerungsschutz/Bevölkerungsschutz"
"154","https://www.uster.ch/praeventionthema","51.8368794326241","5c99f2a4c5e2fcd6e655ae88e0b9ddc1","VERKEHR  SICHERHEIT/SICHERHEIT/Gemeindeführungsorganisation/Gemeindeführungsorganisation (GFO)"
"155","https://www.uster.ch/bevoelkerungsschutz","60.1118721461187","392ae1198f791b5f5a7f9aa51d780b53","VERKEHR  SICHERHEIT/SICHERHEIT/Bewilligungen/Bewilligungen (Sicherheit)"
"156","https://www.uster.ch/gemeindefuehrungsorganisation","55.6589068825911","a03cbfd65c81d22b1d9b4b0b863fa4f2","ÜBER USTER/WISSENSWERTES/Notfall-Telefonnummern/Notfall-Telefonnummern"
"157","https://www.uster.ch/bewilligungen","52.1765873015873","b34ae64a8808fac4556b6310060223d7","SPORT  KULTUR/SPORT/Sportstadt Uster"
"158","https://www.uster.ch/notfalltelefonnummernred","1","033b9f2a69a00ef7aa949cc5b800316e","SPORT  KULTUR/SPORT/Sportstadt Uster"
"159","https://www.uster.ch/sportkultur","49.8095238095238","357245f95eb3c0ba44c828099e09f701","SPORT  KULTUR/SPORT/Sportanlagen/Sportanlagen"
"160","https://www.uster.ch/sport","49.8095238095238","357245f95eb3c0ba44c828099e09f701","SPORT  KULTUR/SPORT/Sportanlagen/Reservationen/Reservationen"
"161","https://www.uster.ch/anlagen","49.9089635854342","e20e9ce9c0ad36cd51880a58df27acb1","SPORT  KULTUR/SPORT/Sportangebote/Sportangebote"
"162","https://www.uster.ch/raumreservation","52.7562724014337","9f601e163a67ce4701b0d0bc426ee809","SPORT  KULTUR/SPORT/Sportpreis/Sportpreis der Stadt Uster"
"163","https://www.uster.ch/sportangebote","42.9509803921569","0f14e1f628f247642609ab74945011c5","SPORT  KULTUR/SPORT/Sportveranstaltungen/Sportveranstaltungen"
"164","https://www.uster.ch/sportpreis","43.9252422546745","47ed88b8436e8767e81708cc2e08dff5","SPORT  KULTUR/SPORT/Sportvereine/Sportvereine"
"165","https://www.uster.ch/sportveranstaltungen","59.3275862068966","9cbbb6b621cd2bf743dc4dbe944e9524","SPORT  KULTUR/KULTUR/Kulturangebote/Kulturangebote"
"166","https://www.uster.ch/sportvereine","1","b0ef75fbd9b5e99bc152318fb48f16a7","SPORT  KULTUR/KULTUR/Kulturangebote/Kulturangebote"
"167","https://www.uster.ch/kultur","48.9296187683284","bc8e7af8c964337a267adf92c9222338","SPORT  KULTUR/KULTUR/Kulturförderung/Kulturförderung"
"168","https://www.uster.ch/kulturangebote","48.9296187683284","bc8e7af8c964337a267adf92c9222338","SPORT  KULTUR/KULTUR/Kunstpreis/Kunstpreis der Stadt Uster"
"169","https://www.uster.ch/kulturfoerderung","48.2996515679443","4abe909ce6889eff45a85eed9967b68b","SPORT  KULTUR/KULTUR/Bibliotheken/Stadt- und Regionalbibliothek/Stadt- und Regionalbibliothek"
"170","https://www.uster.ch/kunstpreis","51.7659182922341","136934e0c51d37eb3a5ec61c7ec71ac6","SPORT  KULTUR/KULTUR/Bibliotheken/Stadt- und Regionalbibliothek/Stadt- und Regionalbibliothek"
"171","https://www.uster.ch/bibliotheken","36.9025875190259","23768f7ca6152a49bf479140ba8740d9","SPORT  KULTUR/KULTUR/Bibliotheken/andere Bibliotheken/andere Bibliotheken"
"172","https://www.uster.ch/stadtundregionalbibliothek","36.9025875190259","23768f7ca6152a49bf479140ba8740d9","Einloggen/Anmeldung/Login"
"173","https://www.uster.ch/anderebibliotheken","35.8173076923077","632132a0eed0b89809c195236f04fc05","Einloggen/Anmeldung/Login"
"174","https://www.uster.ch/toolbar","44.7678990610329","3b5f7cecddd499b36f58733a6235160a","Toolbar/Sitemap/Sitemap"
"175","https://www.uster.ch/myservice","44.7678990610329","3b5f7cecddd499b36f58733a6235160a","POLITIK  VERWALTUNG/VERWALTUNG/Die Stadtverwaltung Uster"
"176","https://www.uster.ch/sitemap","1","effa68b525bca1dc888e86ffa6c11257","Toolbar/Impressum/Impressum"
"177","https://www.uster.ch/toolkontakt","43.3013144590496","d4067009dd1303ee06e45aff77b10983","Toolbar/Datenschutz/Datenschutz"
"178","https://www.uster.ch/impressum","56.0123784261715","9e1abddb4c0dc1d15078b69d11dc35f7","Toolbar/Nutzungsbedingungen"
"179","https://www.uster.ch/datenschutz","59.8587257617729","01cda6f8dd2ff51a4c8460557fa0f89d","Toolbar/Suche/    Suche
"
"180","https://www.uster.ch/nutzungsbedingungen","58.2692554557125","f3e07a1f12bf26dd98f6d9340e908175","Toolbar/Themenübersicht/Themenübersicht"
"181","https://www.uster.ch/suche","1","60177cf03ce85585cb7bfcd526e24958","Toolbar/Links/Links"
"182","https://www.uster.ch/themenbereiche","47.7837209302326","256b71a14830acf8f567e6364a8887ce","ÜBER USTER/PORTRÄT/Geschichte/Geschichte"
"183","https://www.uster.ch/links","1","37bc4486cf78d663e036ff54499edf16","ÜBER USTER/WISSENSWERTES/Tourismus/Sehenswürdigkeiten/07 Stadtpark und Untere Farb"
"184","https://www.uster.ch/_rtr/themenbereich_3313","61.1572164948454","4776b18767563933fbda6ddb5aa966ba","SPORT  KULTUR/SPORT/Sportanlagen/Sportanlagen"
"185","https://www.uster.ch/_rtr/sehenswuerdigkeit_1552","52.1428571428571","539d50a287f430ef8d9c9b9c3d477d26","AKTUELLES  DOSSIERS/AKTUELLES/Veranstaltungen/Veranstaltungen"
"186","https://www.uster.ch/_rtr/anlagen.list","49.9089635854342","e20e9ce9c0ad36cd51880a58df27acb1","SPORT  KULTUR/SPORT/Sportanlagen/Hallenbad"
"187","https://www.uster.ch/_rtr/anlaesseaktuelles.list","59.3275862068966","c34db648d81bf5476eb3d252b2cd2a09","SPORT  KULTUR/SPORT/Sportanlagen/Dorfbad"
"188","https://www.uster.ch/_rtr/sehenswuerdigkeit_9526","38.2418757071898","344bd691249cee34d9a5342b4ff5b5e3","SPORT  KULTUR/SPORT/Sportanlagen/Strandbad"
"189","https://www.uster.ch/_rtr/sehenswuerdigkeit_1412","40.9263301097211","a70c8794602d9839d55554bd8d632912","SPORT  KULTUR/SPORT/Sportanlagen/Sporthalle Buchholz"
"190","https://www.uster.ch/_rtr/sehenswuerdigkeit_1411","42.0581492994682","6c96177cb54cee8e4d0ba6af254a8a80","GESELLSCHAFT  BILDUNG/GESELLSCHAFT/Vereine/Vereine"
"191","https://www.uster.ch/_rtr/sehenswuerdigkeit_4955","48.350666375355","02dcbac43f92a8a29556608216cba7ab","GESELLSCHAFT  BILDUNG/BILDUNG/Weitere Schulen/Kunst- und Sportschule Zürcher Oberland"
"192","https://www.uster.ch/_rtr/vereinsliste.list","52.6433566433566","dd240b54587070f2f2610006566fc6d4","GESELLSCHAFT  BILDUNG/BILDUNG/Weitere Schulen/Schloss Schule AG"
"193","https://www.uster.ch/_rtr/schule_610","1","2f9712583b9f264f417b47dd0ab6f630","GESELLSCHAFT  BILDUNG/BILDUNG/Weitere Schulen/Japanische Schule in Zürich"
"194","https://www.uster.ch/_rtr/schule_627","56.5897435897436","b0ff71dbe8401cb0e60b4d8fdd016c19","WOHNEN  ARBEITEN/ARBEITEN/Firmenverzeichnis/Unternehmen/Unternehmen"
"195","https://www.uster.ch/_rtr/schule_2159","54","08cf159d5c092071cf0a14a1dae0af92","ÜBER USTER/PORTRÄT/Geografie"
"196","https://www.uster.ch/_rtr/firmenverzeichnis.list","59.3275862068966","53c7d9a8f01ae17f4cb3ea60681ddf37","POLITIK  VERWALTUNG/VERWALTUNG/Dienstleistungen/Einwohnerstatistiken"
"197","https://www.uster.ch/_rtr/praesentationgeografie","43.8744235924933","9f4562a2b29bb0f8bdd9ef5850e657f0","POLITIK  VERWALTUNG/VERWALTUNG/Dienstleistungen/Seerettung"
"198","https://www.uster.ch/_rtr/dienst_19514","45.5344827586207","4779461283b2ae1619081e8b1c34cf4e","SPORT  KULTUR/SPORT/Sportanlagen/Strandbad"
"199","https://www.uster.ch/_rtr/dienst_24165","82.4761904761905","9575e56f167af13790b6003a96ba182e","POLITIK  VERWALTUNG/VERWALTUNG/Abteilungen/3 Bau"
"200","https://www.uster.ch/_rtr/sehenswuerdigkeit_1411","42.0581492994682","6c96177cb54cee8e4d0ba6af254a8a80","ÜBER USTER/WISSENSWERTES/Tourismus/Sehenswürdigkeiten/01 Schloss Uster"
"201","https://www.uster.ch/_rtr/departement_583","49.2424242424242","cd0935a59d84ccd0ccdbc3b8b9268e9b","ÜBER USTER/WISSENSWERTES/Tourismus/Sehenswürdigkeiten/01 Schloss Uster"
"202","https://www.uster.ch/_rte/sehenswuerdigkeit/1867","42.5762652705061","258341432a3e17676d21d26f8a910492","ÜBER USTER/WISSENSWERTES/Tourismus/Sehenswürdigkeiten/02 Zellweger-Park"
"203","https://www.uster.ch/_rte/sehenswuerdigkeit/1867","42.5762652705061","258341432a3e17676d21d26f8a910492","ÜBER USTER/WISSENSWERTES/Tourismus/Sehenswürdigkeiten/02 Zellweger-Park"
"204","https://www.uster.ch/_rte/sehenswuerdigkeit/21197","52.6744730679157","9ce678a4ceca5d4bc84a1279a0dfbce3","ÜBER USTER/WISSENSWERTES/Tourismus/Sehenswürdigkeiten/03 Buag-Aabach-Ensemble"
"205","https://www.uster.ch/_rte/sehenswuerdigkeit/21197","52.6744730679157","9ce678a4ceca5d4bc84a1279a0dfbce3","ÜBER USTER/WISSENSWERTES/Tourismus/Sehenswürdigkeiten/03 Buag-Aabach-Ensemble"
"206","https://www.uster.ch/_rte/sehenswuerdigkeit/21272","45.2054054054054","5ead8a7223794d52b72660476dae061a","ÜBER USTER/WISSENSWERTES/Tourismus/Sehenswürdigkeiten/04 Seeuferwege"
"207","https://www.uster.ch/_rte/sehenswuerdigkeit/21272","45.2054054054054","5ead8a7223794d52b72660476dae061a","ÜBER USTER/WISSENSWERTES/Tourismus/Sehenswürdigkeiten/04 Seeuferwege"
"208","https://www.uster.ch/_rte/sehenswuerdigkeit/21266","43.812030075188","f07b42f58df96c2c781e0657e868556e","ÜBER USTER/WISSENSWERTES/Tourismus/Sehenswürdigkeiten/05 Ustertag-Gedenkstein"
"209","https://www.uster.ch/_rte/sehenswuerdigkeit/21266","43.812030075188","f07b42f58df96c2c781e0657e868556e","ÜBER USTER/WISSENSWERTES/Tourismus/Sehenswürdigkeiten/05 Ustertag-Gedenkstein"
"210","https://www.uster.ch/_rte/sehenswuerdigkeit/2080","47.625","5bfb9134a529004bc88828806008fe01","ÜBER USTER/WISSENSWERTES/Tourismus/Sehenswürdigkeiten/06 Rebberge von Uster"
"211","https://www.uster.ch/_rte/sehenswuerdigkeit/2080","47.625","5bfb9134a529004bc88828806008fe01","ÜBER USTER/WISSENSWERTES/Tourismus/Sehenswürdigkeiten/06 Rebberge von Uster"
"212","https://www.uster.ch/_rte/sehenswuerdigkeit/21281","45.382005899705","967eeb71cbfd0046c3242d81b350295d","ÜBER USTER/WISSENSWERTES/Tourismus/Sehenswürdigkeiten/07 Stadtpark und Untere Farb"
"213","https://www.uster.ch/_rte/sehenswuerdigkeit/21281","45.382005899705","967eeb71cbfd0046c3242d81b350295d","ÜBER USTER/WISSENSWERTES/Tourismus/Sehenswürdigkeiten/07 Stadtpark und Untere Farb"
"214","https://www.uster.ch/_rte/sehenswuerdigkeit/1552","52.1428571428571","539d50a287f430ef8d9c9b9c3d477d26","ÜBER USTER/WISSENSWERTES/Tourismus/Sehenswürdigkeiten/08 Aussichtspunkt Tämbrig"
"215","https://www.uster.ch/_rte/sehenswuerdigkeit/1552","52.1428571428571","539d50a287f430ef8d9c9b9c3d477d26","ÜBER USTER/WISSENSWERTES/Tourismus/Sehenswürdigkeiten/08 Aussichtspunkt Tämbrig"
"216","https://www.uster.ch/_rte/sehenswuerdigkeit/21254","47.1520467836257","a7c39e99525ee328f7428c4a5ab06fab","ÜBER USTER/WISSENSWERTES/Tourismus/Sehenswürdigkeiten/09 Nashorn-Kreisel"
"217","https://www.uster.ch/_rte/sehenswuerdigkeit/21254","47.1520467836257","a7c39e99525ee328f7428c4a5ab06fab","ÜBER USTER/WISSENSWERTES/Tourismus/Sehenswürdigkeiten/09 Nashorn-Kreisel"
"218","https://www.uster.ch/_rte/sehenswuerdigkeit/1555","47.9079457364341","ca2c71f4585d4ce25b720f8fff5bbe7e","ÜBER USTER/WISSENSWERTES/Tourismus/Sehenswürdigkeiten/10 Zeughausareal"
"219","https://www.uster.ch/_rte/sehenswuerdigkeit/1555","47.9079457364341","ca2c71f4585d4ce25b720f8fff5bbe7e","ÜBER USTER/WISSENSWERTES/Tourismus/Sehenswürdigkeiten/10 Zeughausareal"
"220","https://www.uster.ch/_rte/sehenswuerdigkeit/5019","47.5981012658228","7cf30d10eea304d2bdfa2c3d1d259159","ÜBER USTER/WISSENSWERTES/Tourismus/Sehenswürdigkeiten/11 Känzeli"
"221","https://www.uster.ch/_rte/sehenswuerdigkeit/5019","47.5981012658228","7cf30d10eea304d2bdfa2c3d1d259159","ÜBER USTER/WISSENSWERTES/Tourismus/Sehenswürdigkeiten/11 Känzeli"
"222","https://www.uster.ch/_rte/sehenswuerdigkeit/21275","49.9779116465863","556163985112c243725ab4360e1970e4","ÜBER USTER/WISSENSWERTES/Tourismus/Sehenswürdigkeiten/12 Lokremise"
"223","https://www.uster.ch/_rte/sehenswuerdigkeit/21275","49.9779116465863","556163985112c243725ab4360e1970e4","ÜBER USTER/WISSENSWERTES/Tourismus/Sehenswürdigkeiten/12 Lokremise"
"224","https://www.uster.ch/_rte/sehenswuerdigkeit/1547","57.188261351052","8a17299f539cfa96c2161bd4324e62da","ÜBER USTER/WISSENSWERTES/Tourismus/Sehenswürdigkeiten/13 Ländliches Uster"
"225","https://www.uster.ch/_rte/sehenswuerdigkeit/1547","57.188261351052","8a17299f539cfa96c2161bd4324e62da","ÜBER USTER/WISSENSWERTES/Tourismus/Sehenswürdigkeiten/13 Ländliches Uster"
"226","https://www.uster.ch/_rte/sehenswuerdigkeit/21284","47.5244648318043","3bdfced8d95866115a8dc6f3adb1f995","ÜBER USTER/WISSENSWERTES/Tourismus/Sehenswürdigkeiten/14 Naturbeobachtungsturm Riedikon"
"227","https://www.uster.ch/_rte/sehenswuerdigkeit/21284","47.5244648318043","3bdfced8d95866115a8dc6f3adb1f995","ÜBER USTER/WISSENSWERTES/Tourismus/Sehenswürdigkeiten/14 Naturbeobachtungsturm Riedikon"
"228","https://www.uster.ch/_rte/sehenswuerdigkeit/21260","48.634121274409","fd62ed15becabec3febfb440048fb076","ÜBER USTER/WISSENSWERTES/Tourismus/Sehenswürdigkeiten/15 «Wildwood Plaza» auf dem Hegetsberg"
"229","https://www.uster.ch/_rte/sehenswuerdigkeit/21260","48.634121274409","fd62ed15becabec3febfb440048fb076","ÜBER USTER/WISSENSWERTES/Tourismus/Sehenswürdigkeiten/15 «Wildwood Plaza» auf dem Hegetsberg"
"230","https://www.uster.ch/_rte/sehenswuerdigkeit/21224","51.8931788931789","13827e89614ceab80bccb2c6b71be1aa","ÜBER USTER/WISSENSWERTES/Tourismus/Sehenswürdigkeiten/16 Wakkerpreis 2001"
"231","https://www.uster.ch/_rte/sehenswuerdigkeit/21224","51.8931788931789","13827e89614ceab80bccb2c6b71be1aa","ÜBER USTER/WISSENSWERTES/Tourismus/Sehenswürdigkeiten/16 Wakkerpreis 2001"
"232","https://www.uster.ch/_rte/sehenswuerdigkeit/21221","56.856184084372","ab57bf24a1ec4ac170c8fbe385b605dc","ÜBER USTER/PORTRÄT/Geschichte/Die Geschichte der Wohnstadt am Wasser"
"233","https://www.uster.ch/_rte/sehenswuerdigkeit/21221","56.856184084372","ab57bf24a1ec4ac170c8fbe385b605dc","ÜBER USTER/PORTRÄT/Geschichte/Die Geschichte der Wohnstadt am Wasser"
"234","https://www.uster.ch/_rtr/thema2_14758","51.5500325591491","b9c7310985bfd9e652ca7cd116979919","ÜBER USTER/PORTRÄT/Geschichte/01 Frühgeschichte"
"235","https://www.uster.ch/_rte/thema2/14758","51.5500325591491","b9c7310985bfd9e652ca7cd116979919","ÜBER USTER/PORTRÄT/Geschichte/02 Früh-Mittelalter, 5. bis 10. Jahrhundert"
"236","https://www.uster.ch/_rte/thema2/14764","45.6475520050621","7d7563cda24067de42277fd5682e36a6","ÜBER USTER/PORTRÄT/Geschichte/03 Erste Nennung Usters im 8. Jahrhundert"
"237","https://www.uster.ch/_rte/thema2/14776","55.4279661016949","85e30181249b3588d7d529d04d31901e","ÜBER USTER/PORTRÄT/Geschichte/04 Frühester Kirchenbau, 11. Jahrhundert"
"238","https://www.uster.ch/_rte/thema2/14782","41.4702380952381","e4d0993bd3f052cf5812183038e9546c","ÜBER USTER/PORTRÄT/Geschichte/05 Feudalzeit (7. bis etwa 17. Jahrhundert)"
"239","https://www.uster.ch/_rte/thema2/14788","41.0317223362568","cc90bb6611ea59e1c5b14801afde05e8","ÜBER USTER/PORTRÄT/Geschichte/06 Die Reformation 1519 bis 1531"
"240","https://www.uster.ch/_rte/thema2/14797","50.8003944217495","5b12b2286dc1b5ad8c79ea7194c1d5f8","ÜBER USTER/PORTRÄT/Geschichte/07 Entwicklung der Gemeinde Kirchuster (1500 bis 1650)"
"241","https://www.uster.ch/_rte/thema2/14803","51.2253062994687","bf8202de763ce6fc66b905c5f382f55e","ÜBER USTER/PORTRÄT/Geschichte/08 Weitere Entwicklung bis 1789"
"242","https://www.uster.ch/_rte/thema2/14806","49.9228552788953","02148281eba8ecdb8c9774a6b13b7908","ÜBER USTER/PORTRÄT/Geschichte/09 Politische Neuerungen 1789 bis 1830"
"243","https://www.uster.ch/_rte/thema2/14809","48.8918918918919","34c83db287fb352567427fca189215d8","ÜBER USTER/PORTRÄT/Geschichte/10 Die industrielle Revolution (18. und 19. Jahrhundert)"
"244","https://www.uster.ch/_rte/thema2/14812","49.7020391177695","fae1f4035b00f4dfd53210bf8a00a883","ÜBER USTER/PORTRÄT/Geschichte/11 Das Fabrikzeitalter (1816 bis ca. 1900)"
"245","https://www.uster.ch/_rte/thema2/14815","48.5437086092715","7150c49081e64d756136f97a572d5bee","ÜBER USTER/PORTRÄT/Geschichte/12 Die Macht der Industrie"
"246","https://www.uster.ch/_rte/thema2/14834","47.1616669660499","2a1e05e7a13f2dfd5b0f339f310ed87a","ÜBER USTER/PORTRÄT/Geschichte/13 Liberale gegen radikale Demokraten (1840 bis 1870)"
"247","https://www.uster.ch/_rte/thema2/14837","46.0649867374005","e9a1843aaf6f7ed51f68bca3973f47c8","ÜBER USTER/PORTRÄT/Geschichte/14 Bemühungen um eine Eisenbahnteilstrecke (1853 bis 1856)"
"248","https://www.uster.ch/_rte/thema2/14840","51.09267453294","b4f0fcfa7c09023a3c38e902af2f784e","ÜBER USTER/PORTRÄT/Geschichte/15 Stadtentwicklung (1855 bis 1914)"
"249","https://www.uster.ch/_rte/thema2/14846","55.1925465838509","1224f581f908d7d6e58308b15ba9dd3d","ÜBER USTER/PORTRÄT/Geschichte/16 Entwicklung im 20. Jahrhundert"
"250","https://www.uster.ch/_rte/thema2/14852","49.5552742616034","53d1084b59ee2e0445dd569686563421","ÜBER USTER/PORTRÄT/Geschichte/17 Erster Weltkrieg (1914 bis 1918)"
"251","https://www.uster.ch/_rte/thema2/14855","53.6351351351351","74e051ef24cca4f65118d66950b97c02","ÜBER USTER/PORTRÄT/Geschichte/18 Zwischenkriegszeit und zweiter Weltkrieg (1918 bis 1945)"
"252","https://www.uster.ch/_rte/thema2/14858","52.6607355916377","17a618b3cf40dafad46dbb7304bd9195","ÜBER USTER/PORTRÄT/Geschichte/19 Nachkriegszeit (1945 bis ca. 1970)"
"253","https://www.uster.ch/_rte/thema2/14861","48.4110130111524","9fc91bbffb362aaac53e2f0cdab732cb","ÜBER USTER/PORTRÄT/Geschichte/20 Postmoderne (1968 bis 1990)"
"254","https://www.uster.ch/_rte/thema2/14864","47.7449035812672","942c534de558e5bc963a08b96f0fea2f","ÜBER USTER/PORTRÄT/Geschichte/21 S-Bahn und Wakkerpreis (1990 bis 2001)"
"255","https://www.uster.ch/_rte/thema2/14867","53.9757199322417","fbfe07345fe0e10b282584b8ac357a33","ÜBER USTER/PORTRÄT/Geschichte/22 Ausblick (bis heute und darüber hinaus)"
"256","https://www.uster.ch/_rte/thema2/14870","48.6764705882353","39ad9fb019b6048744912466520e08e9","ÜBER USTER/PORTRÄT/Geschichte/Stadthaus/Stadthaus: 01. Der Architekt Bruno Giacometti – eine Kurzbiografie"
"257","https://www.uster.ch/_rte/thema2/14876","48.5093447669305","72c737539df9cc7a3721077c2a87b80b","ÜBER USTER/PORTRÄT/Geschichte/Stadthaus/Stadthaus: 01. Der Architekt Bruno Giacometti – eine Kurzbiografie"
"258","https://www.uster.ch/_rte/sehenswuerdigkeit/5502","53.0945707879564","587234c93a6cdb0a6f6aa50eed7a37fb","ÜBER USTER/PORTRÄT/Geschichte/Stadthaus/Stadthaus: 02. Städtebauliche Überlegungen von Bruno Giacometti"
"259","https://www.uster.ch/_rte/sehenswuerdigkeit/5502","53.0945707879564","587234c93a6cdb0a6f6aa50eed7a37fb","ÜBER USTER/PORTRÄT/Geschichte/Stadthaus/Stadthaus: 02. Städtebauliche Überlegungen von Bruno Giacometti"
"260","https://www.uster.ch/_rte/sehenswuerdigkeit/2538","59.7423076923077","d6670d708fe5921da42d981acfe53562","ÜBER USTER/PORTRÄT/Geschichte/Stadthaus/Stadthaus: 03. Der Stadthausplatz als Piazza"
"261","https://www.uster.ch/_rte/sehenswuerdigkeit/2538","59.7423076923077","d6670d708fe5921da42d981acfe53562","ÜBER USTER/PORTRÄT/Geschichte/Stadthaus/Stadthaus: 03. Der Stadthausplatz als Piazza"
"262","https://www.uster.ch/_rte/sehenswuerdigkeit/2540","57.1608953926398","31e4b2ea1bdfec48cb689285f4174966","ÜBER USTER/PORTRÄT/Geschichte/Stadthaus/Stadthaus: 04. Zur Geschichte der Plastik «Rhythmus im Raum» von Max Bill (1965)"
"263","https://www.uster.ch/_rte/sehenswuerdigkeit/2540","57.1608953926398","31e4b2ea1bdfec48cb689285f4174966","ÜBER USTER/PORTRÄT/Geschichte/Stadthaus/Stadthaus: 04. Zur Geschichte der Plastik «Rhythmus im Raum» von Max Bill (1965)"
"264","https://www.uster.ch/_rte/sehenswuerdigkeit/5503","50.580236718965","4f366eae00b8506a341d76eed4562a90","ÜBER USTER/PORTRÄT/Geschichte/Stadthaus/Stadthaus: 05. Kunst und Architektur: Die Plastik «Rhythmus im Raum» von Max Bill (1965)"
"265","https://www.uster.ch/_rte/sehenswuerdigkeit/5503","50.580236718965","4f366eae00b8506a341d76eed4562a90","ÜBER USTER/PORTRÄT/Geschichte/Stadthaus/Stadthaus: 05. Kunst und Architektur: Die Plastik «Rhythmus im Raum» von Max Bill (1965)"
"266","https://www.uster.ch/_rte/sehenswuerdigkeit/5504","56.4665099882491","fc045082480a1d2460d517907351ebd1","ÜBER USTER/PORTRÄT/Geschichte/Stadthaus/Stadthaus: 06. Ausdrucksform und Materialisierung"
"267","https://www.uster.ch/_rte/sehenswuerdigkeit/5504","56.4665099882491","fc045082480a1d2460d517907351ebd1","ÜBER USTER/PORTRÄT/Geschichte/Stadthaus/Stadthaus: 06. Ausdrucksform und Materialisierung"
"268","https://www.uster.ch/_rte/sehenswuerdigkeit/5505","71.6180371352785","211772cbca060baaaaae7918ca13e685","ÜBER USTER/PORTRÄT/Geschichte/Stadthaus/Stadthaus: 07. Der Haupteingang"
"269","https://www.uster.ch/_rte/sehenswuerdigkeit/5505","71.6180371352785","211772cbca060baaaaae7918ca13e685","ÜBER USTER/PORTRÄT/Geschichte/Stadthaus/Stadthaus: 07. Der Haupteingang"
"270","https://www.uster.ch/_rte/sehenswuerdigkeit/2541","59.5757874015748","0f14596e69a8f266137b2c7d4d14d6ed","ÜBER USTER/PORTRÄT/Geschichte/Stadthaus/Stadthaus: 08a. Das Foyer I"
"271","https://www.uster.ch/_rte/sehenswuerdigkeit/2541","59.5757874015748","0f14596e69a8f266137b2c7d4d14d6ed","ÜBER USTER/PORTRÄT/Geschichte/Stadthaus/Stadthaus: 08a. Das Foyer I"
"272","https://www.uster.ch/_rte/sehenswuerdigkeit/5506","54.6415770609319","0bd1fe4cf1dba6b52a36b930c9254afe","ÜBER USTER/PORTRÄT/Geschichte/Stadthaus/Stadthaus: 08b. Das Foyer II"
"273","https://www.uster.ch/_rte/sehenswuerdigkeit/5506","54.6415770609319","0bd1fe4cf1dba6b52a36b930c9254afe","ÜBER USTER/PORTRÄT/Geschichte/Stadthaus/Stadthaus: 08b. Das Foyer II"
"274","https://www.uster.ch/_rte/sehenswuerdigkeit/5507","58.6753160345975","1bd928c416de476138f02090a09f81a9","ÜBER USTER/PORTRÄT/Geschichte/Stadthaus/Stadthaus: 09. Die Schalterhalle"
"275","https://www.uster.ch/_rte/sehenswuerdigkeit/5507","58.6753160345975","1bd928c416de476138f02090a09f81a9","ÜBER USTER/PORTRÄT/Geschichte/Stadthaus/Stadthaus: 09. Die Schalterhalle"
"276","https://www.uster.ch/_rte/sehenswuerdigkeit/2543","64.3572402508863","ad45c4ffb49224728ee0bfdf6fe13662","ÜBER USTER/PORTRÄT/Geschichte/Stadthaus/Stadthaus: 10a. Die Türe zum Gemeinderatssaal"
"277","https://www.uster.ch/_rte/sehenswuerdigkeit/2543","64.3572402508863","ad45c4ffb49224728ee0bfdf6fe13662","ÜBER USTER/PORTRÄT/Geschichte/Stadthaus/Stadthaus: 10a. Die Türe zum Gemeinderatssaal"
"278","https://www.uster.ch/_rte/sehenswuerdigkeit/5508","61.2681017612525","2371bb92c35be5efe8f6a03456a716ef","ÜBER USTER/PORTRÄT/Geschichte/Stadthaus/Stadthaus: 10b. Der Gemeinderatssaal"
"279","https://www.uster.ch/_rte/sehenswuerdigkeit/5508","61.2681017612525","2371bb92c35be5efe8f6a03456a716ef","ÜBER USTER/PORTRÄT/Geschichte/Stadthaus/Stadthaus: 10b. Der Gemeinderatssaal"
"280","https://www.uster.ch/_rte/sehenswuerdigkeit/2545","59.3889873567293","01d528cc58f230521f0f7f023120935a","ÜBER USTER/PORTRÄT/Geschichte/Stadthaus/Stadthaus: 11. Das Trauzimmer"
"281","https://www.uster.ch/_rte/sehenswuerdigkeit/2545","59.3889873567293","01d528cc58f230521f0f7f023120935a","ÜBER USTER/PORTRÄT/Geschichte/Stadthaus/Stadthaus: 11. Das Trauzimmer"
"282","https://www.uster.ch/_rte/sehenswuerdigkeit/2544","55.6583333333333","d696cb1ec6f4f6f4ab231a2d37193b21","ÜBER USTER/PORTRÄT/Geschichte/Stadthaus/Stadthaus: 12. Literatur zu Bruno Giacometti und zum Stadthaus Uster"
"283","https://www.uster.ch/_rte/sehenswuerdigkeit/2544","55.6583333333333","d696cb1ec6f4f6f4ab231a2d37193b21","ÜBER USTER/PORTRÄT/Geschichte/Stadthaus/Stadthaus: 12. Literatur zu Bruno Giacometti und zum Stadthaus Uster"
"284","https://www.uster.ch/_rte/sehenswuerdigkeit/5509","44.4108799631188","0c473ed65175f21dfe73c6c3fff9eca2","POLITIK  VERWALTUNG/VERWALTUNG/Publikationen/Stadtarchiv und Kläui Bibliothek - Kurzportrait"
"285","https://www.uster.ch/_rte/sehenswuerdigkeit/5509","44.4108799631188","0c473ed65175f21dfe73c6c3fff9eca2","Kontaktformular/Stadtarchiv und Kläui Bibliothek"
"286","https://www.uster.ch/_rtr/publikation_107824","69.6666666666667","dc8d33a16fb1071ee1f8c43add49e4f8","ÜBER USTER/PORTRÄT/Geschichte/02 Früh-Mittelalter, 5. bis 10. Jahrhundert"
"287","https://www.uster.ch/kontakt/amt/11723","1","5e2838d12d7deed3ec0948223c7fecd5","ÜBER USTER/PORTRÄT/Geschichte/03 Erste Nennung Usters im 8. Jahrhundert"
"288","https://www.uster.ch/_rte/thema2/14776","55.4279661016949","85e30181249b3588d7d529d04d31901e","ÜBER USTER/PORTRÄT/Geschichte/04 Frühester Kirchenbau, 11. Jahrhundert"
"289","https://www.uster.ch/_rte/thema2/14782","41.4702380952381","e4d0993bd3f052cf5812183038e9546c","ÜBER USTER/PORTRÄT/Geschichte/05 Feudalzeit (7. bis etwa 17. Jahrhundert)"
"290","https://www.uster.ch/_rte/thema2/14788","41.0317223362568","cc90bb6611ea59e1c5b14801afde05e8","ÜBER USTER/PORTRÄT/Geschichte/06 Die Reformation 1519 bis 1531"
"291","https://www.uster.ch/_rte/thema2/14797","50.8003944217495","5b12b2286dc1b5ad8c79ea7194c1d5f8","ÜBER USTER/PORTRÄT/Geschichte/07 Entwicklung der Gemeinde Kirchuster (1500 bis 1650)"
"292","https://www.uster.ch/_rte/thema2/14803","51.2253062994687","bf8202de763ce6fc66b905c5f382f55e","ÜBER USTER/PORTRÄT/Geschichte/08 Weitere Entwicklung bis 1789"
"293","https://www.uster.ch/_rte/thema2/14806","49.9228552788953","02148281eba8ecdb8c9774a6b13b7908","ÜBER USTER/PORTRÄT/Geschichte/09 Politische Neuerungen 1789 bis 1830"
"294","https://www.uster.ch/_rte/thema2/14809","48.8918918918919","34c83db287fb352567427fca189215d8","ÜBER USTER/PORTRÄT/Geschichte/10 Die industrielle Revolution (18. und 19. Jahrhundert)"
"295","https://www.uster.ch/_rte/thema2/14812","49.7020391177695","fae1f4035b00f4dfd53210bf8a00a883","ÜBER USTER/PORTRÄT/Geschichte/11 Das Fabrikzeitalter (1816 bis ca. 1900)"
"296","https://www.uster.ch/_rte/thema2/14815","48.5437086092715","7150c49081e64d756136f97a572d5bee","ÜBER USTER/PORTRÄT/Geschichte/12 Die Macht der Industrie"
"297","https://www.uster.ch/_rte/thema2/14834","47.1616669660499","2a1e05e7a13f2dfd5b0f339f310ed87a","ÜBER USTER/PORTRÄT/Geschichte/13 Liberale gegen radikale Demokraten (1840 bis 1870)"
"298","https://www.uster.ch/_rte/thema2/14837","46.0649867374005","e9a1843aaf6f7ed51f68bca3973f47c8","ÜBER USTER/PORTRÄT/Geschichte/14 Bemühungen um eine Eisenbahnteilstrecke (1853 bis 1856)"
"299","https://www.uster.ch/_rte/thema2/14840","51.09267453294","b4f0fcfa7c09023a3c38e902af2f784e","ÜBER USTER/PORTRÄT/Geschichte/15 Stadtentwicklung (1855 bis 1914)"
"300","https://www.uster.ch/_rte/thema2/14846","55.1925465838509","1224f581f908d7d6e58308b15ba9dd3d","ÜBER USTER/PORTRÄT/Geschichte/16 Entwicklung im 20. Jahrhundert"
"301","https://www.uster.ch/_rte/thema2/14852","49.5552742616034","53d1084b59ee2e0445dd569686563421","ÜBER USTER/PORTRÄT/Geschichte/17 Erster Weltkrieg (1914 bis 1918)"
"302","https://www.uster.ch/_rte/thema2/14855","53.6351351351351","74e051ef24cca4f65118d66950b97c02","ÜBER USTER/PORTRÄT/Geschichte/18 Zwischenkriegszeit und zweiter Weltkrieg (1918 bis 1945)"
"303","https://www.uster.ch/_rte/thema2/14858","52.6607355916377","17a618b3cf40dafad46dbb7304bd9195","ÜBER USTER/PORTRÄT/Geschichte/19 Nachkriegszeit (1945 bis ca. 1970)"
"304","https://www.uster.ch/_rte/thema2/14861","48.4110130111524","9fc91bbffb362aaac53e2f0cdab732cb","ÜBER USTER/PORTRÄT/Geschichte/20 Postmoderne (1968 bis 1990)"
"305","https://www.uster.ch/_rte/thema2/14864","47.7449035812672","942c534de558e5bc963a08b96f0fea2f","ÜBER USTER/PORTRÄT/Geschichte/21 S-Bahn und Wakkerpreis (1990 bis 2001)"
"306","https://www.uster.ch/_rte/thema2/14867","53.9757199322417","fbfe07345fe0e10b282584b8ac357a33","ÜBER USTER/PORTRÄT/Geschichte/22 Ausblick (bis heute und darüber hinaus)"
"307","https://www.uster.ch/_rte/thema2/14870","48.6764705882353","39ad9fb019b6048744912466520e08e9","ÜBER USTER/PORTRÄT/Geschichte/Die Geschichte der Wohnstadt am Wasser"
"308","https://www.uster.ch/_rte/thema2/14876","48.5093447669305","72c737539df9cc7a3721077c2a87b80b","SPORT  KULTUR/KULTUR/Kulturangebote/Kunstsammlung"
"309","https://www.uster.ch/_rte/thema2/14758","51.5500325591491","b9c7310985bfd9e652ca7cd116979919","ÜBER USTER/WISSENSWERTES/Tourismus/Sehenswürdigkeiten/05 Ustertag-Gedenkstein"
"310","https://www.uster.ch/_rte/thema2/3812","51.2142857142857","f2b2ab185aa5fca9f6f9f26cab321879","POLITIK  VERWALTUNG/VERWALTUNG/Geschäftsfelder/Steuerung und Führung"
"311","https://www.uster.ch/_rtr/sehenswuerdigkeit_2080","47.625","5bfb9134a529004bc88828806008fe01","Kontaktformular/Steuerung und Führung"
"312","https://www.uster.ch/_rte/amt/8148","58.0791505791506","7b38fc62ffad3b149794697db9fce661","POLITIK  VERWALTUNG/VERWALTUNG/Personenverzeichnis/ Salchli Hans Ulrich"
"313","https://www.uster.ch/kontakt/amt/8148","1","5e2838d12d7deed3ec0948223c7fecd5","Kontaktformular/Hans Ulrich Salchli"
"314","https://www.uster.ch/_rte/person/36365","1","fbe4108eec4d3702e0a6caf654ed3257","POLITIK  VERWALTUNG/VERWALTUNG/Abteilungen/0 Stadtschreiber"
"315","https://www.uster.ch/kontakt/person/36365","1","5e2838d12d7deed3ec0948223c7fecd5","POLITIK  VERWALTUNG/POLITIK/Stadtrat/Stadtrat"
"316","https://www.uster.ch/_rte/departement/590","50.4857142857143","bfdd8f839c120c80a698fffd5198f663","POLITIK  VERWALTUNG/VERWALTUNG/Geschäftsfelder/Steuerung und Führung"
"317","https://www.uster.ch/_rte/behoerde/1810","52.2185886402754","daf403194581170acbae8a91a4e51719","Kontaktformular/Steuerung und Führung"
"318","https://www.uster.ch/_rte/amt/8148","58.0791505791506","7b38fc62ffad3b149794697db9fce661","POLITIK  VERWALTUNG/VERWALTUNG/Personenverzeichnis/ Salchli Hans Ulrich"
"319","https://www.uster.ch/kontakt/amt/8148","1","5e2838d12d7deed3ec0948223c7fecd5","Kontaktformular/Hans Ulrich Salchli"
"320","https://www.uster.ch/_rte/person/36365","1","fbe4108eec4d3702e0a6caf654ed3257","POLITIK  VERWALTUNG/VERWALTUNG/Abteilungen/0 Stadtschreiber"
"321","https://www.uster.ch/kontakt/person/36365","1","5e2838d12d7deed3ec0948223c7fecd5","POLITIK  VERWALTUNG/POLITIK/Stadtrat/Stadtrat"
"322","https://www.uster.ch/_rte/departement/590","50.4857142857143","bfdd8f839c120c80a698fffd5198f663","ÜBER USTER/WISSENSWERTES/Energiestadt/Das Label «Energiestadt»"
"323","https://www.uster.ch/_rte/behoerde/1810","52.2185886402754","daf403194581170acbae8a91a4e51719","ÜBER USTER/WISSENSWERTES/Energiestadt/Mobilitätsberatung für Unternehmen"
"324","https://www.uster.ch/_rte/thema2/3674","52.5997910135841","cb68711dee7bb759cd4f2c4177f7d0a1","ÜBER USTER/WISSENSWERTES/Energiestadt/Energieplanung"
"325","https://www.uster.ch/_rte/thema2/3416","57.474358974359","75597dd87d7e76317c4c26507dd6e8b7","ÜBER USTER/WISSENSWERTES/Energiestadt/Energieplan"
"326","https://www.uster.ch/_rte/thema2/3417","54.4239766081871","a8b49e91ffbcd882c4fb39ae3d4cc1f9","ÜBER USTER/WISSENSWERTES/Energiestadt/Mobilitätstag"
"327","https://www.uster.ch/_rte/thema2/3418","77.18779342723","1a5d8560a2e3c2e9bc16d90b9d08e271","ÜBER USTER/WISSENSWERTES/Energiestadt/Holzschnitzelheizungen"
"328","https://www.uster.ch/_rte/thema2/3622","41.8181818181818","baa339e34a7811fd75ca7f5c3f6df39b","ÜBER USTER/WISSENSWERTES/Energiestadt/Earth Hour"
"329","https://www.uster.ch/_rte/thema2/3621","48.8060606060606","9feee2d8ec4157d7db81a7e9c732c037","ÜBER USTER/WISSENSWERTES/Energiestadt/Minergie als Leitlinie"
"330","https://www.uster.ch/_rte/thema2/3623","42.9232209737828","5542a0505647169f64d370fb65f76a11","ÜBER USTER/WISSENSWERTES/Energiestadt/Optimierte Strassenbeleuchtung"
"331","https://www.uster.ch/_rte/thema2/3624","57.8469308469308","8175af7b537d088dfc727e5c9a267836","ÜBER USTER/WISSENSWERTES/Energiestadt/Kleinwasserkraftwerke am Aabach"
"332","https://www.uster.ch/_rte/thema2/3625","53.959323399114","fe86c121a0940446d0418cc463e88da6","ÜBER USTER/WISSENSWERTES/Energiestadt/Förderung von Gasautos"
"333","https://www.uster.ch/_rte/thema2/3626","59.7771317829457","ff8c534fcf546d527f658d7ae2153bf6","ÜBER USTER/WISSENSWERTES/Energiestadt/Abwärmenutzung in der ARA"
"334","https://www.uster.ch/_rte/thema2/3627","55.9929378531073","c047e8dcb60c9b771ba38c9f5e010c8f","ÜBER USTER/WISSENSWERTES/Energiestadt/Weiterbildung der Hauswarte"
"335","https://www.uster.ch/_rte/thema2/3628","57.5","8fc3cedc4a7d20f60d09bbb7ec2abac4","ÜBER USTER/WISSENSWERTES/Energiestadt/Attraktive Angebote des öffentlichen Verkehrs"
"336","https://www.uster.ch/_rte/thema2/3629","63.7368421052632","0e340bc141d204363f57efc3097a0702","ÜBER USTER/WISSENSWERTES/Energiestadt/Velorouten in Uster"
"337","https://www.uster.ch/_rte/thema2/3630","54.8663101604278","d25d1bf8ad6baceb0bbfb0dd6f04f036","ÜBER USTER/WISSENSWERTES/Energiestadt/Veloabstellmöglichkeiten an den Bahnhöfen"
"338","https://www.uster.ch/_rte/thema2/3631","55.2452054794521","9c1751b8a9398d59dbf074614494721c","ÜBER USTER/WISSENSWERTES/Energiestadt/Versickerung des Niederschlagwassers"
"339","https://www.uster.ch/_rte/thema2/3632","47.0887902330744","e9fd48121c609967b90e834f96e160c0","ÜBER USTER/WISSENSWERTES/Energiestadt/Förderbeiträge"
"340","https://www.uster.ch/_rte/thema2/3634","55.5757575757576","7a9928717612a3057960fa8cf90a245e","ÜBER USTER/WISSENSWERTES/Energiestadt/Solarkataster"
"341","https://www.uster.ch/_rte/thema2/3635","69.2979842243646","012e6beed594c24693366a45a2c32946","ÜBER USTER/PORTRÄT/Uster im Bild/Fotoalben/PARTNERSTADT PRENZLAU"
"342","https://www.uster.ch/_rte/thema2/3636","56.0022471910112","9819bac9b32fbb82e4b1c03c785c644b","ÜBER USTER/PORTRÄT/Geografie/Greifensee"
"343","https://www.uster.ch/_rtr/fotogalerie_5473","106.078431372549","616d70d9a75181fe2d08ea248665b476","ÜBER USTER/WISSENSWERTES/Tourismus/Wanderwege"
"344","https://www.uster.ch/_rtr/geografiesee","48.4964956546117","a493e70b77ab961afa816e8b2fa8858b","ÜBER USTER/WISSENSWERTES/Tourismus/Sehenswürdigkeiten/Sehenswürdigkeiten"
"345","https://www.uster.ch/wanderwege","58.5321151716501","8daa96adbc32b7f310054da37c670262","WOHNEN  ARBEITEN/ARBEITEN/Standortförderung/Standortförderung"
"346","https://www.uster.ch/_rtr/sehenswuerdigkeiten","46.1247790738777","0bfbfa1bdefd2c1e9d796c5460f52ff0","POLITIK  VERWALTUNG/VERWALTUNG/Dienstleistungen/Seerettung"
"347","https://www.uster.ch/_rtr/standortfoerderung","50.1136363636364","82a5c9796fe254e4e2440b905fcc0b34","SPORT  KULTUR/SPORT/Sportanlagen/Strandbad"
"348","https://www.uster.ch/_rtr/dienst_24165","82.4761904761905","9575e56f167af13790b6003a96ba182e","ÜBER USTER/WISSENSWERTES/Tourismus/Restaurants/Restaurants"
"349","https://www.uster.ch/_rtr/sehenswuerdigkeit_1411","42.0581492994682","6c96177cb54cee8e4d0ba6af254a8a80","SPORT  KULTUR/SPORT/Sportanlagen/Strandbad"
"350","https://www.uster.ch/_rtr/restaurants.list","1","c769115f296c02e83e637a79660dbba6","POLITIK  VERWALTUNG/VERWALTUNG/Publikationen/Industriepfad Zürcher Oberland"
"351","https://www.uster.ch/_rtr/sehenswuerdigkeit_1411","42.0581492994682","6c96177cb54cee8e4d0ba6af254a8a80","POLITIK  VERWALTUNG/VERWALTUNG/Publikationen/Publikationen"
"352","https://www.uster.ch/_rtr/publikation_11841","52.3963782696177","91e17dd5c763b6443b820bf597c1c974","POLITIK  VERWALTUNG/VERWALTUNG/Publikationen/Rollstuhlwanderweg Buchholz–Oberustermer Wald"
"353","https://www.uster.ch/_rtr/publikationen.list","45.3333333333333","c453d7fe0766d18b18c434292c15b21a","POLITIK  VERWALTUNG/VERWALTUNG/Publikationen/Rollstuhlwanderweg Industriepfad"
"354","https://www.uster.ch/_rtr/publikation_4069","34.4642857142857","74383af7d25133b5d604ccf6023ee4bf","POLITIK  VERWALTUNG/VERWALTUNG/Publikationen/Rollstuhlwanderweg Niederuster–Riedikon–Aaspitz"
"355","https://www.uster.ch/_rtr/publikation_4070","55.75","48510805425debd1fd0b8d5c1a3b1774","POLITIK  VERWALTUNG/VERWALTUNG/Publikationen/Rollstuhlwanderweg Niederuster–Städtchen Greifensee"
"356","https://www.uster.ch/_rtr/publikation_4067","34.9705882352941","2e8935aa51461a49b15a3292780b6a5c","ÜBER USTER/WISSENSWERTES/Tourismus/Sehenswürdigkeiten/01 Schloss Uster"
"357","https://www.uster.ch/_rtr/publikation_4068","34.9705882352941","80beba08449bdaa8964fa5fef9e28c29","ÜBER USTER/WISSENSWERTES/Tourismus/Sehenswürdigkeiten/01 Schloss Uster"
"358","https://www.uster.ch/_rte/sehenswuerdigkeit/1867","42.5762652705061","258341432a3e17676d21d26f8a910492","ÜBER USTER/WISSENSWERTES/Tourismus/Sehenswürdigkeiten/02 Zellweger-Park"
"359","https://www.uster.ch/_rte/sehenswuerdigkeit/1867","42.5762652705061","258341432a3e17676d21d26f8a910492","ÜBER USTER/WISSENSWERTES/Tourismus/Sehenswürdigkeiten/02 Zellweger-Park"
"360","https://www.uster.ch/_rte/sehenswuerdigkeit/21197","52.6744730679157","9ce678a4ceca5d4bc84a1279a0dfbce3","ÜBER USTER/WISSENSWERTES/Tourismus/Sehenswürdigkeiten/03 Buag-Aabach-Ensemble"
"361","https://www.uster.ch/_rte/sehenswuerdigkeit/21197","52.6744730679157","9ce678a4ceca5d4bc84a1279a0dfbce3","ÜBER USTER/WISSENSWERTES/Tourismus/Sehenswürdigkeiten/03 Buag-Aabach-Ensemble"
"362","https://www.uster.ch/_rte/sehenswuerdigkeit/21272","45.2054054054054","5ead8a7223794d52b72660476dae061a","ÜBER USTER/WISSENSWERTES/Tourismus/Sehenswürdigkeiten/04 Seeuferwege"
"363","https://www.uster.ch/_rte/sehenswuerdigkeit/21272","45.2054054054054","5ead8a7223794d52b72660476dae061a","ÜBER USTER/WISSENSWERTES/Tourismus/Sehenswürdigkeiten/04 Seeuferwege"
"364","https://www.uster.ch/_rte/sehenswuerdigkeit/21266","43.812030075188","f07b42f58df96c2c781e0657e868556e","ÜBER USTER/WISSENSWERTES/Tourismus/Sehenswürdigkeiten/05 Ustertag-Gedenkstein"
"365","https://www.uster.ch/_rte/sehenswuerdigkeit/21266","43.812030075188","f07b42f58df96c2c781e0657e868556e","ÜBER USTER/WISSENSWERTES/Tourismus/Sehenswürdigkeiten/05 Ustertag-Gedenkstein"
"366","https://www.uster.ch/_rte/sehenswuerdigkeit/2080","47.625","5bfb9134a529004bc88828806008fe01","ÜBER USTER/WISSENSWERTES/Tourismus/Sehenswürdigkeiten/06 Rebberge von Uster"
"367","https://www.uster.ch/_rte/sehenswuerdigkeit/2080","47.625","5bfb9134a529004bc88828806008fe01","ÜBER USTER/WISSENSWERTES/Tourismus/Sehenswürdigkeiten/06 Rebberge von Uster"
"368","https://www.uster.ch/_rte/sehenswuerdigkeit/21281","45.382005899705","967eeb71cbfd0046c3242d81b350295d","ÜBER USTER/WISSENSWERTES/Tourismus/Sehenswürdigkeiten/07 Stadtpark und Untere Farb"
"369","https://www.uster.ch/_rte/sehenswuerdigkeit/21281","45.382005899705","967eeb71cbfd0046c3242d81b350295d","ÜBER USTER/WISSENSWERTES/Tourismus/Sehenswürdigkeiten/07 Stadtpark und Untere Farb"
"370","https://www.uster.ch/_rte/sehenswuerdigkeit/1552","52.1428571428571","539d50a287f430ef8d9c9b9c3d477d26","ÜBER USTER/WISSENSWERTES/Tourismus/Sehenswürdigkeiten/08 Aussichtspunkt Tämbrig"
"371","https://www.uster.ch/_rte/sehenswuerdigkeit/1552","52.1428571428571","539d50a287f430ef8d9c9b9c3d477d26","ÜBER USTER/WISSENSWERTES/Tourismus/Sehenswürdigkeiten/08 Aussichtspunkt Tämbrig"
"372","https://www.uster.ch/_rte/sehenswuerdigkeit/21254","47.1520467836257","a7c39e99525ee328f7428c4a5ab06fab","ÜBER USTER/WISSENSWERTES/Tourismus/Sehenswürdigkeiten/09 Nashorn-Kreisel"
"373","https://www.uster.ch/_rte/sehenswuerdigkeit/21254","47.1520467836257","a7c39e99525ee328f7428c4a5ab06fab","ÜBER USTER/WISSENSWERTES/Tourismus/Sehenswürdigkeiten/09 Nashorn-Kreisel"
"374","https://www.uster.ch/_rte/sehenswuerdigkeit/1555","47.9079457364341","ca2c71f4585d4ce25b720f8fff5bbe7e","ÜBER USTER/WISSENSWERTES/Tourismus/Sehenswürdigkeiten/10 Zeughausareal"
"375","https://www.uster.ch/_rte/sehenswuerdigkeit/1555","47.9079457364341","ca2c71f4585d4ce25b720f8fff5bbe7e","ÜBER USTER/WISSENSWERTES/Tourismus/Sehenswürdigkeiten/10 Zeughausareal"
"376","https://www.uster.ch/_rte/sehenswuerdigkeit/5019","47.5981012658228","7cf30d10eea304d2bdfa2c3d1d259159","ÜBER USTER/WISSENSWERTES/Tourismus/Sehenswürdigkeiten/11 Känzeli"
"377","https://www.uster.ch/_rte/sehenswuerdigkeit/5019","47.5981012658228","7cf30d10eea304d2bdfa2c3d1d259159","ÜBER USTER/WISSENSWERTES/Tourismus/Sehenswürdigkeiten/11 Känzeli"
"378","https://www.uster.ch/_rte/sehenswuerdigkeit/21275","49.9779116465863","556163985112c243725ab4360e1970e4","ÜBER USTER/WISSENSWERTES/Tourismus/Sehenswürdigkeiten/12 Lokremise"
"379","https://www.uster.ch/_rte/sehenswuerdigkeit/21275","49.9779116465863","556163985112c243725ab4360e1970e4","ÜBER USTER/WISSENSWERTES/Tourismus/Sehenswürdigkeiten/12 Lokremise"
"380","https://www.uster.ch/_rte/sehenswuerdigkeit/1547","57.188261351052","8a17299f539cfa96c2161bd4324e62da","ÜBER USTER/WISSENSWERTES/Tourismus/Sehenswürdigkeiten/13 Ländliches Uster"
"381","https://www.uster.ch/_rte/sehenswuerdigkeit/1547","57.188261351052","8a17299f539cfa96c2161bd4324e62da","ÜBER USTER/WISSENSWERTES/Tourismus/Sehenswürdigkeiten/13 Ländliches Uster"
"382","https://www.uster.ch/_rte/sehenswuerdigkeit/21284","47.5244648318043","3bdfced8d95866115a8dc6f3adb1f995","ÜBER USTER/WISSENSWERTES/Tourismus/Sehenswürdigkeiten/14 Naturbeobachtungsturm Riedikon"
"383","https://www.uster.ch/_rte/sehenswuerdigkeit/21284","47.5244648318043","3bdfced8d95866115a8dc6f3adb1f995","ÜBER USTER/WISSENSWERTES/Tourismus/Sehenswürdigkeiten/14 Naturbeobachtungsturm Riedikon"
"384","https://www.uster.ch/_rte/sehenswuerdigkeit/21260","48.634121274409","fd62ed15becabec3febfb440048fb076","ÜBER USTER/WISSENSWERTES/Tourismus/Sehenswürdigkeiten/15 «Wildwood Plaza» auf dem Hegetsberg"
"385","https://www.uster.ch/_rte/sehenswuerdigkeit/21260","48.634121274409","fd62ed15becabec3febfb440048fb076","ÜBER USTER/WISSENSWERTES/Tourismus/Sehenswürdigkeiten/15 «Wildwood Plaza» auf dem Hegetsberg"
"386","https://www.uster.ch/_rte/sehenswuerdigkeit/21224","51.8931788931789","13827e89614ceab80bccb2c6b71be1aa","ÜBER USTER/WISSENSWERTES/Tourismus/Sehenswürdigkeiten/16 Wakkerpreis 2001"
"387","https://www.uster.ch/_rte/sehenswuerdigkeit/21224","51.8931788931789","13827e89614ceab80bccb2c6b71be1aa","ÜBER USTER/WISSENSWERTES/Tourismus/Sehenswürdigkeiten/16 Wakkerpreis 2001"
"388","https://www.uster.ch/_rte/sehenswuerdigkeit/21221","56.856184084372","ab57bf24a1ec4ac170c8fbe385b605dc","ÜBER USTER/PORTRÄT/Geografie/Greifensee"
"389","https://www.uster.ch/_rte/sehenswuerdigkeit/21221","56.856184084372","ab57bf24a1ec4ac170c8fbe385b605dc","ÜBER USTER/PORTRÄT/Geografie/Greifensee"
"390","https://www.uster.ch/_rtr/geografiesee","48.4964956546117","a493e70b77ab961afa816e8b2fa8858b","SPORT  KULTUR/SPORT/Sportanlagen/Strandbad"
"391","https://www.uster.ch/_rtr/geografiesee","48.4964956546117","a493e70b77ab961afa816e8b2fa8858b","ÜBER USTER/WISSENSWERTES/Tourismus/Sehenswürdigkeiten/01 Schloss Uster"
"392","https://www.uster.ch/_rtr/sehenswuerdigkeit_1411","42.0581492994682","6c96177cb54cee8e4d0ba6af254a8a80","ÜBER USTER/PORTRÄT/Geografie/Greifensee"
"393","https://www.uster.ch/_rtr/sehenswuerdigkeit_1867","42.5762652705061","258341432a3e17676d21d26f8a910492","ÜBER USTER/WISSENSWERTES/Tourismus/Wanderwege"
"394","https://www.uster.ch/_rtr/geografiesee","48.4964956546117","a493e70b77ab961afa816e8b2fa8858b","AKTUELLES  DOSSIERS/AKTUELLES/Archivierte Mitteilungen/Wakkerpreis Uster online"
"395","https://www.uster.ch/_rtr/wanderwege","58.5321151716501","8daa96adbc32b7f310054da37c670262","ÜBER USTER/WISSENSWERTES/Tourismus/Sehenswürdigkeiten/07 Stadtpark und Untere Farb"
"396","https://www.uster.ch/_docn/181453/broschuere-industriepfad-zuercher-oberland-leseprobe.pdf","1","020e0781ee6428b382e4e4f32f08558e","ÜBER USTER/WISSENSWERTES/Tourismus/Märkte/Märkte"
"397","https://www.uster.ch/_rtr/information_16525","47.0608974358974","9500e6d8279f4f8b205c5bca53d8d5f0","ÜBER USTER/WISSENSWERTES/Tourismus/Sehenswürdigkeiten/Sehenswürdigkeiten"
"398","https://www.uster.ch/_rtr/sehenswuerdigkeit_1552","52.1428571428571","539d50a287f430ef8d9c9b9c3d477d26","POLITIK  VERWALTUNG/VERWALTUNG/Leistungsgruppen/Stadtpolizei"
"399","https://www.uster.ch/_rtr/thema2_3709","48.4483183978522","a889e0d2055f2dbc08754410e52411fc","POLITIK  VERWALTUNG/VERWALTUNG/Personenverzeichnis/ Keller Anita"
"400","https://www.uster.ch/_rtr/sehenswuerdigkeiten","46.1247790738777","0bfbfa1bdefd2c1e9d796c5460f52ff0","Kontaktformular/Anita Keller"
"401","https://www.uster.ch/_rte/amt/9867","55.5258620689655","9db02b84ebede4a49526c83cc4dcfe91","POLITIK  VERWALTUNG/VERWALTUNG/Personenverzeichnis/ Nett Rico"
"402","https://www.uster.ch/_rte/person/72851","1","acccdfa0c45e2d3f4e187ff26042aaee","Kontaktformular/Rico Nett"
"403","https://www.uster.ch/ueberuster","1","5e2838d12d7deed3ec0948223c7fecd5","ÜBER USTER/PORTRÄT"
"404","https://www.uster.ch/portraet","1","7c50b5bdb53201af45f2de2fc851d833","ÜBER USTER/PORTRÄT"
"405","https://www.uster.ch/portraitpraesentation","1","5e2838d12d7deed3ec0948223c7fecd5","ÜBER USTER/PORTRÄT/Lebensqualität"
